Order_ID,Date,Customer,City,Product,Category,Quantity,Unit_Price,Discount,Payment,Customer_Type
2001,2026-01-01,Customer_037,Patan,Keyboard,Accessories,4,1800,15,UPI,New
2002,2026-01-03,Customer_023,Ahmedabad,Mouse,Accessories,3,900,15,Cash,New
2003,2026-01-05,Customer_039,Vadodara,Headphones,Electronics,3,3000,0,UPI,Returning
2004,2026-01-07,Customer_045,Surat,Mouse,Accessories,4,900,0,Cash,Returning
2005,2026-01-09,Customer_015,Mehsana,Mouse,Accessories,2,900,0,UPI,Returning
2006,2026-01-11,Customer_043,Surat,Phone,Electronics,3,25000,0,Cash,New
2007,2026-01-13,Customer_029,Surat,Headphones,Electronics,2,3000,15,UPI,New
2008,2026-01-15,Customer_036,Mehsana,Headphones,Electronics,1,3000,5,Card,New
2009,2026-01-17,Customer_013,Patan,Headphones,Electronics,2,3000,0,UPI,New
2010,2026-01-19,Customer_032,Vadodara,Mouse,Accessories,1,900,0,Cash,Returning
2011,2026-01-21,Customer_007,Ahmedabad,Keyboard,Accessories,2,1800,15,UPI,New
2012,2026-01-23,Customer_022,Rajkot,Headphones,Electronics,3,3000,15,UPI,New
2013,2026-01-25,Customer_028,Ahmedabad,Monitor,Electronics,3,12000,10,UPI,Returning
2014,2026-01-27,Customer_002,Rajkot,Mouse,Accessories,1,900,0,Card,New
2015,2026-01-29,Customer_042,Ahmedabad,Phone,Electronics,4,25000,10,UPI,New
2016,2026-01-31,Customer_045,Mehsana,Keyboard,Accessories,1,1800,15,Card,Returning
2017,2026-02-02,Customer_006,Vadodara,Monitor,Electronics,1,12000,15,Card,New
2018,2026-02-04,Customer_028,Rajkot,Monitor,Electronics,2,12000,5,UPI,Returning
2019,2026-02-06,Customer_028,Patan,Phone,Electronics,2,25000,0,UPI,Returning
2020,2026-02-08,Customer_044,Ahmedabad,Keyboard,Accessories,1,1800,10,UPI,Returning
2021,2026-02-10,Customer_044,Ahmedabad,Mouse,Accessories,3,900,15,Cash,New
2022,2026-02-12,Customer_020,Rajkot,Laptop,Electronics,2,55000,15,UPI,Returning
2023,2026-02-14,Customer_030,Patan,Keyboard,Accessories,4,1800,10,Card,New
2024,2026-02-16,Customer_011,Patan,Phone,Electronics,2,25000,5,UPI,New
2025,2026-02-18,Customer_028,Mehsana,Monitor,Electronics,2,12000,15,Cash,New
2026,2026-02-20,Customer_025,Mehsana,Mouse,Accessories,4,900,0,UPI,Returning
2027,2026-02-22,Customer_039,Mehsana,Keyboard,Accessories,1,1800,15,Cash,New
2028,2026-02-24,Customer_033,Mehsana,Laptop,Electronics,4,55000,0,Cash,New
2029,2026-02-26,Customer_001,Mehsana,Laptop,Electronics,1,55000,10,UPI,Returning
2030,2026-02-28,Customer_027,Mehsana,Headphones,Electronics,1,3000,0,Card,New
2031,2026-03-02,Customer_013,Vadodara,Headphones,Electronics,1,3000,10,Cash,New
2032,2026-03-04,Customer_041,Patan,Phone,Electronics,4,25000,0,UPI,New
2033,2026-03-06,Customer_003,Mehsana,Keyboard,Accessories,1,1800,10,UPI,New
2034,2026-03-08,Customer_039,Patan,Keyboard,Accessories,3,1800,0,Card,New
2035,2026-03-10,Customer_006,Patan,Monitor,Electronics,4,12000,5,Cash,New
2036,2026-03-12,Customer_008,Surat,Monitor,Electronics,3,12000,0,Cash,Returning
2037,2026-03-14,Customer_027,Vadodara,Monitor,Electronics,1,12000,0,UPI,New
2038,2026-03-16,Customer_009,Mehsana,Headphones,Electronics,2,3000,5,UPI,New
2039,2026-03-18,Customer_037,Ahmedabad,Keyboard,Accessories,1,1800,15,Card,Returning
2040,2026-03-20,Customer_033,Rajkot,Keyboard,Accessories,3,1800,15,Card,New
2041,2026-03-22,Customer_042,Ahmedabad,Laptop,Electronics,3,55000,0,Cash,Returning
2042,2026-03-24,Customer_044,Vadodara,Headphones,Electronics,4,3000,5,Cash,New
2043,2026-03-26,Customer_024,Rajkot,Mouse,Accessories,2,900,0,UPI,New
2044,2026-03-28,Customer_015,Vadodara,Headphones,Electronics,4,3000,10,Cash,New
2045,2026-03-30,Customer_032,Patan,Mouse,Accessories,3,900,10,Card,New
2046,2026-04-01,Customer_032,Rajkot,Laptop,Electronics,1,55000,0,Card,New
2047,2026-04-03,Customer_024,Patan,Phone,Electronics,2,25000,15,UPI,New
2048,2026-04-05,Customer_041,Ahmedabad,Keyboard,Accessories,1,1800,15,Card,New
2049,2026-04-07,Customer_049,Ahmedabad,Laptop,Electronics,1,55000,0,Card,New
2050,2026-04-09,Customer_049,Rajkot,Keyboard,Accessories,2,1800,0,Card,New
2051,2026-04-11,Customer_012,Rajkot,Monitor,Electronics,4,12000,10,Card,New
2052,2026-04-13,Customer_039,Mehsana,Phone,Electronics,1,25000,15,UPI,New
2053,2026-04-15,Customer_002,Vadodara,Phone,Electronics,3,25000,0,UPI,New
2054,2026-04-17,Customer_003,Mehsana,Laptop,Electronics,1,55000,10,Cash,Returning
2055,2026-04-19,Customer_049,Vadodara,Phone,Electronics,2,25000,15,Card,New
2056,2026-04-21,Customer_037,Mehsana,Mouse,Accessories,2,900,5,Cash,Returning
2057,2026-04-23,Customer_049,Patan,Phone,Electronics,2,25000,10,UPI,Returning
2058,2026-04-25,Customer_017,Rajkot,Keyboard,Accessories,4,1800,15,UPI,New
2059,2026-04-27,Customer_049,Ahmedabad,Keyboard,Accessories,1,1800,15,UPI,Returning
2060,2026-04-29,Customer_002,Vadodara,Keyboard,Accessories,4,1800,10,UPI,Returning
2061,2026-05-01,Customer_002,Vadodara,Keyboard,Accessories,4,1800,5,UPI,New
2062,2026-05-03,Customer_028,Ahmedabad,Mouse,Accessories,2,900,10,UPI,New
2063,2026-05-05,Customer_023,Mehsana,Headphones,Electronics,2,3000,15,UPI,Returning
2064,2026-05-07,Customer_037,Vadodara,Monitor,Electronics,4,12000,0,Card,Returning
2065,2026-05-09,Customer_032,Patan,Laptop,Electronics,1,55000,0,Cash,New
2066,2026-05-11,Customer_033,Rajkot,Keyboard,Accessories,3,1800,10,UPI,New
2067,2026-05-13,Customer_001,Ahmedabad,Phone,Electronics,4,25000,15,Card,New
2068,2026-05-15,Customer_019,Rajkot,Keyboard,Accessories,1,1800,0,Card,New
2069,2026-05-17,Customer_002,Vadodara,Phone,Electronics,2,25000,15,Cash,Returning
2070,2026-05-19,Customer_044,Vadodara,Monitor,Electronics,2,12000,10,UPI,New
2071,2026-05-21,Customer_026,Ahmedabad,Monitor,Electronics,1,12000,0,Cash,New
2072,2026-05-23,Customer_032,Patan,Monitor,Electronics,3,12000,15,UPI,Returning
2073,2026-05-25,Customer_006,Surat,Phone,Electronics,2,25000,0,Card,New
2074,2026-05-27,Customer_032,Ahmedabad,Keyboard,Accessories,2,1800,10,Card,New
2075,2026-05-29,Customer_004,Surat,Monitor,Electronics,2,12000,15,Card,Returning
2076,2026-05-31,Customer_011,Mehsana,Mouse,Accessories,1,900,0,Card,Returning
2077,2026-06-02,Customer_017,Surat,Phone,Electronics,4,25000,10,Cash,New
2078,2026-06-04,Customer_038,Patan,Phone,Electronics,2,25000,0,UPI,New
2079,2026-06-06,Customer_024,Mehsana,Keyboard,Accessories,4,1800,0,UPI,New
2080,2026-06-08,Customer_005,Surat,Phone,Electronics,3,25000,5,Cash,New
2081,2026-06-10,Customer_034,Mehsana,Phone,Electronics,2,25000,5,UPI,New
2082,2026-06-12,Customer_006,Surat,Monitor,Electronics,2,12000,10,Card,New
2083,2026-06-14,Customer_022,Patan,Keyboard,Accessories,3,1800,5,UPI,New
2084,2026-06-16,Customer_011,Surat,Monitor,Electronics,2,12000,10,Card,New
2085,2026-06-18,Customer_048,Surat,Monitor,Electronics,4,12000,5,Cash,New
2086,2026-06-20,Customer_016,Surat,Keyboard,Accessories,1,1800,0,UPI,New
2087,2026-06-22,Customer_033,Ahmedabad,Laptop,Electronics,4,55000,10,Cash,New
2088,2026-06-24,Customer_009,Ahmedabad,Monitor,Electronics,1,12000,10,UPI,New
2089,2026-06-26,Customer_006,Ahmedabad,Mouse,Accessories,1,900,0,Card,New
2090,2026-06-28,Customer_016,Patan,Mouse,Accessories,4,900,10,Cash,Returning
2091,2026-06-30,Customer_029,Mehsana,Phone,Electronics,4,25000,10,UPI,Returning
2092,2026-07-02,Customer_003,Vadodara,Mouse,Accessories,4,900,5,Card,Returning
2093,2026-07-04,Customer_020,Surat,Phone,Electronics,4,25000,10,Cash,Returning
2094,2026-07-06,Customer_036,Surat,Laptop,Electronics,3,55000,15,Cash,New
2095,2026-07-08,Customer_019,Patan,Keyboard,Accessories,2,1800,0,UPI,New
2096,2026-07-10,Customer_026,Surat,Keyboard,Accessories,1,1800,5,UPI,New
2097,2026-07-12,Customer_003,Ahmedabad,Keyboard,Accessories,4,1800,5,UPI,Returning
2098,2026-07-14,Customer_019,Vadodara,Mouse,Accessories,4,900,15,Card,Returning
2099,2026-07-16,Customer_020,Rajkot,Laptop,Electronics,4,55000,0,UPI,New
2100,2026-07-18,Customer_032,Surat,Mouse,Accessories,3,900,0,Cash,New
2101,2026-07-20,Customer_007,Ahmedabad,Mouse,Accessories,4,900,5,Cash,New
2102,2026-07-22,Customer_041,Rajkot,Laptop,Electronics,4,55000,10,UPI,New
2103,2026-07-24,Customer_033,Vadodara,Laptop,Electronics,4,55000,5,UPI,Returning
2104,2026-07-26,Customer_040,Rajkot,Laptop,Electronics,2,55000,0,Cash,Returning
2105,2026-07-28,Customer_039,Ahmedabad,Laptop,Electronics,3,55000,15,Card,New
2106,2026-07-30,Customer_018,Mehsana,Keyboard,Accessories,4,1800,5,UPI,Returning
2107,2026-08-01,Customer_040,Mehsana,Headphones,Electronics,1,3000,0,UPI,Returning
2108,2026-08-03,Customer_001,Rajkot,Headphones,Electronics,1,3000,5,Cash,New
2109,2026-08-05,Customer_011,Patan,Laptop,Electronics,1,55000,10,UPI,New
2110,2026-08-07,Customer_028,Rajkot,Headphones,Electronics,3,3000,5,Card,New
2111,2026-08-09,Customer_025,Surat,Headphones,Electronics,3,3000,5,Cash,New
2112,2026-08-11,Customer_050,Surat,Laptop,Electronics,1,55000,0,UPI,New
2113,2026-08-13,Customer_023,Mehsana,Headphones,Electronics,4,3000,0,Cash,New
2114,2026-08-15,Customer_031,Patan,Mouse,Accessories,3,900,0,UPI,New
2115,2026-08-17,Customer_030,Ahmedabad,Phone,Electronics,1,25000,5,UPI,New
2116,2026-08-19,Customer_042,Surat,Phone,Electronics,1,25000,10,UPI,Returning
2117,2026-08-21,Customer_035,Mehsana,Laptop,Electronics,4,55000,15,Card,New
2118,2026-08-23,Customer_007,Vadodara,Keyboard,Accessories,2,1800,15,Card,New
2119,2026-08-25,Customer_016,Mehsana,Laptop,Electronics,3,55000,0,Cash,New
2120,2026-08-27,Customer_026,Surat,Keyboard,Accessories,4,1800,0,UPI,Returning
2121,2026-08-29,Customer_048,Surat,Phone,Electronics,1,25000,5,UPI,New
2122,2026-08-31,Customer_049,Mehsana,Laptop,Electronics,1,55000,15,Card,New
2123,2026-09-02,Customer_002,Ahmedabad,Monitor,Electronics,4,12000,0,UPI,Returning
2124,2026-09-04,Customer_001,Rajkot,Mouse,Accessories,3,900,10,Card,Returning
2125,2026-09-06,Customer_048,Surat,Headphones,Electronics,2,3000,10,UPI,Returning
2126,2026-09-08,Customer_012,Mehsana,Keyboard,Accessories,2,1800,0,Cash,New
2127,2026-09-10,Customer_005,Mehsana,Monitor,Electronics,1,12000,0,UPI,New
2128,2026-09-12,Customer_037,Patan,Headphones,Electronics,3,3000,15,UPI,Returning
2129,2026-09-14,Customer_032,Rajkot,Headphones,Electronics,2,3000,15,Card,Returning
2130,2026-09-16,Customer_009,Vadodara,Laptop,Electronics,3,55000,5,UPI,Returning
2131,2026-09-18,Customer_041,Ahmedabad,Headphones,Electronics,3,3000,15,UPI,Returning
2132,2026-09-20,Customer_035,Vadodara,Mouse,Accessories,1,900,10,Card,New
2133,2026-09-22,Customer_019,Rajkot,Monitor,Electronics,2,12000,10,Cash,Returning
2134,2026-09-24,Customer_048,Rajkot,Headphones,Electronics,4,3000,0,Cash,New
2135,2026-09-26,Customer_016,Rajkot,Laptop,Electronics,1,55000,15,Card,New
2136,2026-09-28,Customer_003,Vadodara,Mouse,Accessories,2,900,5,Card,New
2137,2026-09-30,Customer_020,Rajkot,Phone,Electronics,2,25000,10,Card,New
2138,2026-10-02,Customer_024,Mehsana,Monitor,Electronics,2,12000,10,Card,New
2139,2026-10-04,Customer_033,Vadodara,Headphones,Electronics,2,3000,5,Card,New
2140,2026-10-06,Customer_024,Rajkot,Laptop,Electronics,2,55000,5,Cash,Returning
2141,2026-10-08,Customer_011,Mehsana,Phone,Electronics,3,25000,10,Cash,New
2142,2026-10-10,Customer_049,Patan,Phone,Electronics,1,25000,10,Card,Returning
2143,2026-10-12,Customer_008,Rajkot,Keyboard,Accessories,3,1800,5,UPI,New
2144,2026-10-14,Customer_036,Vadodara,Mouse,Accessories,4,900,10,Card,New
2145,2026-10-16,Customer_038,Surat,Headphones,Electronics,2,3000,0,UPI,New
2146,2026-10-18,Customer_040,Rajkot,Laptop,Electronics,1,55000,0,Card,New
2147,2026-10-20,Customer_020,Surat,Keyboard,Accessories,2,1800,5,Card,New
2148,2026-10-22,Customer_035,Mehsana,Mouse,Accessories,1,900,15,Cash,New
2149,2026-10-24,Customer_048,Patan,Keyboard,Accessories,3,1800,5,UPI,New
2150,2026-10-26,Customer_025,Ahmedabad,Monitor,Electronics,1,12000,5,UPI,Returning
