Order_ID,Date,Customer,City,Product,Category,Quantity,Unit_Price,Discount,Payment
1001,2026-01-05,Rahul,Ahmedabad,Laptop,Electronics,1,45000,5,UPI
1002,2026-01-06,Priya,Surat,Mouse,Accessories,2,800,0,Cash
1003,2026-01-07,Amit,Patan,Keyboard,Accessories,1,1500,10,Card
1004,2026-01-08,Neha,Rajkot,Phone,Electronics,2,22000,5,UPI
1005,2026-01-09,Ravi,Ahmedabad,Headphones,Accessories,3,1800,0,Card
1006,2026-01-10,Pooja,Patan,Laptop,Electronics,1,52000,8,UPI
1007,2026-01-11,Karan,Surat,Phone,Electronics,1,28000,5,Cash
1008,2026-01-12,Meena,Rajkot,Mouse,Accessories,4,750,0,UPI
1009,2026-01-13,Vivek,Ahmedabad,Keyboard,Accessories,2,1700,10,Card
1010,2026-01-14,Anjali,Patan,Headphones,Accessories,2,2100,5,Cash
1011,2026-01-15,Jay,Surat,Laptop,Electronics,1,48000,10,UPI
1012,2026-01-16,Riya,Rajkot,Phone,Electronics,2,25000,0,Card
1013,2026-01-17,Manish,Ahmedabad,Mouse,Accessories,3,900,5,Cash
1014,2026-01-18,Komal,Patan,Keyboard,Accessories,1,1600,0,UPI
1015,2026-01-19,Harsh,Surat,Headphones,Accessories,4,1900,10,Card
1016,2026-01-20,Nisha,Rajkot,Laptop,Electronics,1,55000,5,UPI
1017,2026-01-21,Rohan,Ahmedabad,Phone,Electronics,1,30000,8,Cash
1018,2026-01-22,Hetal,Patan,Mouse,Accessories,5,700,0,UPI
1019,2026-01-23,Dev,Surat,Keyboard,Accessories,2,1800,5,Card
1020,2026-01-24,Isha,Rajkot,Headphones,Accessories,1,2300,0,Cash