Order_ID,Date,Customer,City,Product,Quantity,Unit_Price,Discount,Payment,Customer_Type
3001,2026-01-01,Customer_052,Ahmedabad,Monitor,5.0,1800,10.0,Card,Returning
3002,2026-01-02,Customer_015,Ahmedabad,Headphones,5.0,1800,15.0,UPI,Returning
3003,2026-01-03,Customer_072,Rajkot,Keyboard,2.0,1800,20.0,Card,New
3004,2026-01-04,Customer_061,Patan,Mouse,1.0,45000,10.0,Cash,New
3005,2026-01-05,Customer_021,Mehsana,Phone,2.0,700,10.0,Cash,New
3006,2026-01-06,Customer_075,Vadodara,Keyboard,3.0,45000,0.0,Card,New
3007,2026-01-07,Customer_075,Patan,Phone,2.0,45000,5.0,Card,Returning
3008,2026-01-08,Customer_024,Rajkot,Monitor,2.0,45000,5.0,Card,New
3009,2026-01-09,Customer_003,surat,Headphones,5.0,1800,20.0,UPI,Returning
3010,2026-01-10,Customer_022,Patan,Laptop,5.0,10000,5.0,Card,Returning
3011,2026-01-11,Customer_053,Rajkot,Headphones,5.0,2500,15.0,Card,New
3012,2026-01-12,Customer_002,Patan,Keyboard,3.0,2500,5.0,Card,Returning
3013,2026-01-13,Customer_030,,Phone,5.0,700,20.0,Cash,Returning
3014,2026-01-14,Customer_038,Patan,Phone,1.0,1800,5.0,Cash,Returning
3015,2026-01-15,Customer_002,Patan,Mouse,4.0,1800,15.0,UPI,Returning
3016,2026-01-16,Customer_064,Rajkot,Phone,1.0,1800,0.0,UPI,New
3017,2026-01-17,Customer_060,Rajkot,Mouse,1.0,3000,20.0,Cash,New
3018,2026-01-18,Customer_021,Ahmedabad,Monitor,5.0,900,0.0,Cash,Returning
3019,2026-01-19,Customer_033,Ahmedabad,Laptop,4.0,3000,0.0,Cash,New
3020,2026-01-20,Customer_076,Surat,Keyboard,4.0,900,0.0,Card,New
3021,2026-01-21,Customer_058,Ahmedabad,Mouse,4.0,1800,10.0,Card,New
3022,2026-01-22,Customer_022,Patan,Laptop,3.0,1800,10.0,Cash,New
3023,2026-01-23,Customer_049,Rajkot,Phone,5.0,3000,0.0,Card,New
3024,2026-01-24,Customer_059,Ahmedabad,Phone,4.0,3000,20.0,Card,Returning
3025,2026-01-25,Customer_042,Ahmedabad,Laptop,3.0,900,15.0,UPI,New
3026,2026-01-26,Customer_060,Surat,Phone,2.0,2500,15.0,Cash,New
3027,2026-01-27,Customer_080,Mehsana,Monitor,2.0,900,5.0,Cash,New
3028,2026-01-28,Customer_015,AHMEDABAD,Monitor,3.0,3000,20.0,Card,New
3029,2026-01-29,Customer_062,Patan,Laptop,3.0,10000,10.0,Cash,Returning
3030,2026-01-30,Customer_062,Rajkot,Mouse,5.0,3000,0.0,UPI,Returning
3031,2026-01-31,Customer_047,Surat,Mouse,5.0,10000,5.0,UPI,Returning
3032,2026-02-01,Customer_062,Ahmedabad,Laptop,2.0,700,15.0,UPI,Returning
3033,2026-02-02,Customer_051,Rajkot,Mouse,4.0,3000,10.0,Cash,New
3034,2026-02-03,Customer_055,Rajkot,Mouse,2.0,700,10.0,Cash,Returning
3035,2026-02-04,Customer_064,Ahmedabad,Monitor,,2500,0.0,Cash,New
3036,2026-02-05,Customer_003,Surat,Mouse,4.0,900,15.0,Cash,New
3037,2026-02-06,Customer_051,Ahmedabad,Headphones,5.0,10000,20.0,Cash,New
3038,2026-02-07,Customer_007,Mehsana,Keyboard,1.0,900,10.0,UPI,New
3039,2026-02-08,Customer_021,Rajkot,Phone,1.0,700,0.0,Card,New
3040,2026-02-09,Customer_073,Vadodara,Headphones,3.0,10000,20.0,UPI,Returning
3041,2026-02-10,Customer_039,Vadodara,Mouse,5.0,900,15.0,Cash,Returning
3042,2026-02-11,Customer_018,Patan,Monitor,4.0,3000,10.0,UPI,Returning
3043,2026-02-12,Customer_004,Ahmedabad,Laptop,1.0,1800,20.0,Cash,Returning
3044,2026-02-13,Customer_060,Ahmedabad,Mouse,4.0,700,,Cash,New
3045,2026-02-14,Customer_014,Patan,Monitor,1.0,900,20.0,UPI,Returning
3046,2026-02-15,Customer_009,Patan,Keyboard,1.0,700,10.0,Cash,New
3047,2026-02-16,Customer_053,Patan,Mouse,1.0,45000,10.0,Card,Returning
3048,2026-02-17,Customer_002,Rajkot,Laptop,5.0,700,5.0,Cash,New
3049,2026-02-18,Customer_060,Mehsana,Monitor,2.0,10000,15.0,Card,New
3050,2026-02-19,Customer_071,Ahmedabad,Monitor,-2.0,45000,0.0,Card,Returning
3051,2026-02-20,Customer_044,Rajkot,Monitor,5.0,10000,20.0,Cash,New
3052,2026-02-21,Customer_008,Patan,Keyboard,5.0,1800,5.0,UPI,New
3053,2026-02-22,Customer_047,Ahmedabad,Mouse,5.0,45000,0.0,Card,Returning
3054,2026-02-23,Customer_035,Rajkot,Keyboard,5.0,3000,5.0,UPI,New
3055,2026-02-24,Customer_078,Mehsana,Phone,5.0,700,10.0,Card,Returning
3056,2026-02-25,Customer_036,Rajkot,Phone,3.0,900,20.0,Cash,Returning
3057,2026-02-26,Customer_050,Mehsana,Mouse,4.0,2500,0.0,Cash,Returning
3058,2026-02-27,Customer_004,Patan,Keyboard,5.0,700,0.0,Card,New
3059,2026-02-28,Customer_002,Mehsana,Laptop,4.0,700,0.0,Cash,New
3060,2026-03-01,Customer_006,Ahmedabad,Monitor,3.0,1800,0.0,Card,New
3061,2026-03-02,Customer_054,Patan,Monitor,3.0,3000,0.0,Cash,Returning
3062,2026-03-03,Customer_004,Ahmedabad,Mouse,4.0,2500,5.0,,New
3063,2026-03-04,Customer_054,Vadodara,Phone,1.0,45000,20.0,Cash,Returning
3064,2026-03-05,Customer_063,Surat,Phone,2.0,45000,10.0,UPI,Returning
3065,2026-03-06,Customer_018,Mehsana,Monitor,1.0,45000,10.0,Cash,New
3066,2026-03-07,Customer_044,Surat,Mouse,1.0,10000,10.0,UPI,Returning
3067,2026-03-08,Customer_034,Surat,Keyboard,1.0,10000,10.0,Cash,New
3068,2026-03-09,Customer_074,Mehsana,Phone,5.0,900,5.0,UPI,New
3069,2026-03-10,Customer_062,Patan,Keyboard,3.0,2500,15.0,Card,New
3070,2026-03-11,Customer_014,Vadodara,Phone,1.0,45000,20.0,Card,New
3071,2026-03-12,Customer_048,Ahmedabad,Phone,3.0,10000,0.0,UPI,New
3072,2026-03-13,Customer_015,Rajkot,Headphones,4.0,900,15.0,Cash,Returning
3073,2026-03-14,Customer_072,Ahmedabad,Phone,2.0,3000,10.0,UPI,Returning
3074,2026-03-15,Customer_078,Rajkot,mouse ,4.0,900,15.0,Cash,Returning
3075,2026-03-16,Customer_062,Ahmedabad,Mouse,4.0,10000,20.0,Card,New
3076,2026-03-17,Customer_040,Mehsana,Mouse,5.0,1800,0.0,Cash,New
3077,2026-03-18,Customer_080,Vadodara,Keyboard,2.0,1800,0.0,Card,New
3078,2026-03-19,Customer_053,Rajkot,Phone,three,45000,20.0,Cash,Returning
3079,2026-03-20,Customer_024,Patan,Laptop,4.0,1800,20.0,Cash,New
3080,2026-03-21,Customer_026,Ahmedabad,Keyboard,2.0,45000,10.0,Cash,Returning
3081,2026-03-22,Customer_060,Ahmedabad,Headphones,2.0,45000,0.0,UPI,Returning
3082,2026-03-23,Customer_041,Rajkot,Keyboard,4.0,10000,15.0,UPI,New
3083,2026-03-24,Customer_029,Patan,Keyboard,2.0,1800,5.0,Card,New
3084,2026-03-25,Customer_015,Patan,Phone,4.0,45000,5.0,Card,Returning
3085,2026-03-26,Customer_045,Mehsana,Headphones,4.0,2500,20.0,UPI,New
3086,2026-03-27,Customer_065,Mehsana,Keyboard,5.0,3000,10.0,Card,Returning
3087,2026-03-28,Customer_071,Mehsana,Laptop,1.0,900,5.0,UPI,New
3088,2026-03-29,Customer_009,,Laptop,4.0,900,0.0,Cash,New
3089,2026-03-30,Customer_001,Mehsana,Mouse,3.0,10000,20.0,Card,Returning
3090,2026-03-31,Customer_008,Mehsana,Headphones,1.0,1800,15.0,Card,New
3091,2026-04-01,Customer_063,Vadodara,Headphones,1.0,1800,20.0,UPI,Returning
3092,2026-04-02,Customer_011,Patan,Mouse,1.0,45000,15.0,Card,New
3093,2026-04-03,Customer_008,Mehsana,Keyboard,5.0,700,20.0,Card,Returning
3094,2026-04-04,Customer_035,Patan,Headphones,4.0,45000,20.0,Cash,Returning
3095,2026-04-05,Customer_035,Patan,Laptop,5.0,3000,20.0,Card,New
3096,15/04/2026,Customer_033,Surat,Laptop,4.0,2500,15.0,Cash,Returning
3097,2026-04-07,Customer_005,Vadodara,Phone,5.0,900,15.0,UPI,New
3098,2026-04-08,Customer_041,Mehsana,Headphones,5.0,45000,20.0,Card,New
3099,2026-04-09,Customer_028,Ahmedabad,Keyboard,3.0,700,5.0,Cash,New
3100,2026-04-10,Customer_007,Rajkot,Mouse,5.0,700,10.0,UPI,Returning
3101,2026-04-11,Customer_073,Ahmedabad,Mouse,2.0,45000,10.0,Card,Returning
3102,2026-04-12,Customer_072,Vadodara,Laptop ,3.0,10000,10.0,UPI,New
3103,2026-04-13,Customer_012,Rajkot,Monitor,5.0,900,15.0,Card,New
3104,2026-04-14,Customer_034,Vadodara,Phone,1.0,10000,15.0,UPI,Returning
3105,2026-04-15,Customer_033,Patan,Mouse,2.0,2500,5.0,UPI,New
3106,2026-04-16,Customer_048,Rajkot,Headphones,2.0,700,10.0,Cash,New
3107,2026-04-17,Customer_023,Patan,Phone,2.0,700,10.0,UPI,Returning
3108,2026-04-18,Customer_062,Ahmedabad,Headphones,3.0,3000,20.0,Card,New
3109,2026-04-19,Customer_037,Ahmedabad,Laptop,5.0,2500,15.0,Card,Returning
3110,2026-04-20,Customer_044,Rajkot,Phone,5.0,700,10.0,Cash,New
3111,2026-04-21,Customer_035,Rajkot,Mouse,1.0,2500,5.0,Card,Returning
3112,2026-04-22,Customer_065,Mehsana,Phone,1.0,900,5.0,Card,New
3113,2026-04-23,Customer_047,Vadodara,Phone,2.0,1800,10.0,Card,New
3114,2026-04-24,Customer_078,Mehsana,Phone,1.0,700,15.0,UPI,Returning
3115,2026-04-25,Customer_003,Vadodara,Monitor,3.0,3000,5.0,UPI,New
3116,2026-04-26,Customer_001,Mehsana,Phone,5.0,900,20.0,Card,Returning
3117,2026-04-27,Customer_005,Patan,Headphones,2.0,45000,5.0,Cash,New
3118,2026-04-28,Customer_014,Rajkot,Laptop,1.0,2500,0.0,UPI,Returning
3119,2026-04-29,Customer_027,Ahmedabad,Keyboard,3.0,45000,0.0,Cash,Returning
3120,2026-04-30,Customer_009,Vadodara,Phone,,10000,15.0,Card,Returning
3121,2026-05-01,Customer_079,Vadodara,Mouse,1.0,900,10.0,Card,Returning
3122,2026-05-02,Customer_015,Ahmedabad,Phone,5.0,45000,15.0,UPI,New
3123,2026-05-03,Customer_042,Mehsana,Mouse,1.0,700,15.0,Card,New
3124,2026-05-04,Customer_077,Vadodara,Headphones,2.0,2500,15.0,UPI,Returning
3125,2026-05-05,Customer_051,Patan,Mouse,1.0,1800,15.0,Card,Returning
3126,2026-05-06,Customer_063,Rajkot,Keyboard,3.0,900,20.0,Card,Returning
3127,2026-05-07,Customer_052,Ahmedabad,Laptop,1.0,700,20.0,UPI,New
3128,2026-05-08,Customer_004,Rajkot,Mouse,5.0,3000,5.0,UPI,New
3129,2026-05-09,Customer_023,Vadodara,Mouse,4.0,10000,0.0,UPI,New
3130,2026-05-10,Customer_015,Vadodara,Laptop,1.0,2500,15.0,Card,New
3131,2026-05-11,Customer_043,Ahmedabad,Keyboard,5.0,900,5.0,Card,Returning
3132,2026-05-12,Customer_029,Patan,Phone,5.0,900,0.0,Cash,Returning
3133,2026-05-13,Customer_036,Surat,Mouse,3.0,-900,10.0,UPI,Returning
3134,2026-05-14,Customer_013,Ahmedabad,Laptop,5.0,1800,20.0,Card,New
3135,2026-05-15,Customer_032,Surat,Headphones,5.0,3000,0.0,Card,New
3136,2026-05-16,Customer_071,Mehsana,Laptop,5.0,10000,10.0,UPI,New
3137,2026-05-17,Customer_059,Surat,Headphones,5.0,3000,0.0,Cash,Returning
3138,2026-05-18,Customer_028,Patan,Keyboard,2.0,700,20.0,UPI,Returning
3139,2026-05-19,Customer_066,Mehsana,Phone,2.0,700,20.0,Cash,New
3140,2026-05-20,Customer_042,Surat,Laptop,3.0,3000,5.0,Card,Returning
3141,2026-05-21,Customer_045,Mehsana,Monitor,1.0,10000,15.0,Cash,New
3142,2026-05-22,Customer_062,Surat,Mouse,5.0,3000,0.0,Card,New
3143,2026-05-23,Customer_057,Patan,Keyboard,1.0,10000,0.0,upi,Returning
3144,2026-05-24,Customer_006,Surat,Laptop,1.0,10000,10.0,UPI,New
3145,2026-05-25,Customer_028,Surat,Mouse,3.0,45000,20.0,UPI,Returning
3146,2026-05-26,Customer_028,Surat,Laptop,5.0,2500,,Cash,New
3147,2026-05-27,Customer_044,Ahmedabad,Headphones,5.0,10000,20.0,Card,Returning
3148,2026-05-28,Customer_030,Ahmedabad,Laptop,4.0,1800,0.0,UPI,Returning
3149,2026-05-29,Customer_062,Ahmedabad,Monitor,1.0,10000,5.0,UPI,Returning
3150,2026-05-30,Customer_075,Patan,Laptop,1.0,10000,15.0,Card,New
3151,2026-05-31,Customer_062,Mehsana,Laptop,2.0,10000,0.0,UPI,New
3152,2026-06-01,Customer_001,Vadodara,Monitor,4.0,45000,20.0,Card,Returning
3153,2026-06-02,Customer_027,Surat,Keyboard,2.0,45000,5.0,Card,Returning
3154,2026-06-03,Customer_062,Surat,Laptop,2.0,700,0.0,Card,New
3155,2026-06-04,Customer_077,Patan,Monitor,2.0,45000,10.0,Card,New
3156,2026-06-05,Customer_003,Surat,Mouse,3.0,1800,15.0,Card,New
3157,2026-06-06,Customer_070,,Headphones,3.0,1800,0.0,Cash,Returning
3158,2026-06-07,Customer_072,Vadodara,Headphones,2.0,45000,5.0,UPI,New
3159,2026-06-08,Customer_027,Rajkot,Laptop,4.0,3000,10.0,Cash,New
3160,2026-06-09,Customer_009,Surat,Keyboard,1.0,2500,5.0,UPI,Returning
3161,2026-06-10,Customer_062,Ahmedabad,Keyboard,4.0,45000,5.0,Cash,New
3162,2026-06-11,Customer_037,Rajkot,Mouse,5.0,10000,10.0,Card,New
3163,2026-06-12,Customer_051,Vadodara,Laptop,3.0,900,5.0,UPI,New
3164,2026-06-13,Customer_044,Rajkot,Headphones,1.0,45000,10.0,UPI,Returning
3165,2026-06-14,Customer_024,Ahmedabad,Keyboard,1.0,2500,0.0,Cash,Returning
3166,2026-06-15,Customer_079,Mehsana,Laptop,5.0,1800,10.0,Cash,Returning
3167,2026-06-16,Customer_059,Mehsana,Keyboard,5.0,2500,10.0,CARD,Returning
3168,2026-06-17,Customer_032,Rajkot,Monitor,2.0,45000,15.0,Cash,Returning
3169,2026-06-18,Customer_052,Patan,Keyboard,3.0,10000,10.0,Cash,Returning
3170,2026-06-19,Customer_062,Rajkot,Headphones,3.0,10000,10.0,Cash,Returning
3171,2026-06-20,Customer_058,Surat,Phone,4.0,700,0.0,Card,New
3172,2026-06-21,Customer_052,Surat,Mouse,2.0,10000,15.0,Card,New
3173,2026-06-22,Customer_012,Mehsana,Mouse,2.0,10000,20.0,Cash,Returning
3174,2026-06-23,Customer_039,Patan,Headphones,2.0,1800,0.0,Cash,New
3175,2026-06-24,Customer_002,Ahmedabad,Keyboard,2.0,10000,0.0,,New
3176,2026-06-25,Customer_003,Surat,Laptop,3.0,700,20.0,Card,Returning
3177,2026-06-26,Customer_056,Mehsana,Keyboard,3.0,900,10.0,UPI,New
3178,2026-06-27,Customer_059,Vadodara,Headphones,2.0,45000,5.0,UPI,New
3179,2026-06-28,Customer_002,Mehsana,Mouse,4.0,1800,15.0,Card,New
3180,2026-06-29,Customer_002,Surat,Keyboard,1.0,900,5.0,Cash,New
3181,2026-06-30,Customer_054,Surat,Mouse,1.0,1800,20.0,Cash,New
3182,2026-07-01,Customer_001,Mehsana,Laptop,4.0,3000,110.0,Cash,Returning
3183,2026-07-02,Customer_019,Ahmedabad,Mouse,2.0,2500,0.0,Cash,Returning
3184,2026-07-03,Customer_002,Rajkot,Mouse,3.0,3000,15.0,UPI,Returning
3185,2026-07-04,Customer_053,Surat,Phone,1.0,10000,0.0,Card,New
3186,2026-07-05,Customer_044,Mehsana,Phone,5.0,900,0.0,Cash,Returning
3187,2026-07-06,Customer_032,Mehsana,Monitor,5.0,10000,15.0,UPI,New
3188,2026-07-07,Customer_070,Patan,Phone,4.0,2500,15.0,Cash,New
3189,2026-07-08,Customer_032,Rajkot,Mouse,2.0,1800,20.0,Card,New
3190,2026-07-09,Customer_068,Vadodara,Headphones,1.0,2500,0.0,UPI,New
3191,2026-07-10,Customer_055,Ahmedabad,Mouse,2.0,700,0.0,Card,Returning
3192,2026-07-11,Customer_075,Vadodara,Headphones,1.0,2500,20.0,Card,Returning
3193,2026-07-12,Customer_056,Rajkot,Headphones,4.0,700,10.0,UPI,New
3194,2026-07-13,Customer_017,Rajkot,Phone,4.0,2500,10.0,UPI,Returning
3195,2026-07-14,Customer_038,Rajkot,Keyboard,5.0,45000,10.0,UPI,New
3196,2026-07-15,Customer_024,Vadodara,Laptop,2.0,700,20.0,UPI,Returning
3197,2026-07-16,Customer_069,Rajkot,Phone,5.0,900,0.0,UPI,Returning
3198,2026-07-17,Customer_070,Mehsana,Phone,2.0,10000,20.0,UPI,New
3199,2026-07-18,Customer_011,Vadodara,Keyboard,5.0,10000,20.0,UPI,Returning
3200,2026-07-19,Customer_016,Rajkot,Laptop,3.0,3000,10.0,Cash,New
3021,2026-01-21,Customer_058,Ahmedabad,Mouse,4.0,1800,10.0,Card,New
3056,2026-02-25,Customer_036,Rajkot,Phone,3.0,900,20.0,Cash,Returning
3121,2026-05-01,Customer_079,Vadodara,Mouse,1.0,900,10.0,Card,Returning
